IE_NAME;IE_DETAIL_PICTURE;IE_DETAIL_TEXT;IE_CODE
Первый Строительный Трест;/upload/iblock/13d/13dfddd95418e88810b905c77c782784.jpg;"  

  О компании:
Закрытое акционерное общество ""Первый Строительный Трест"" основано в марте 2003 года, учредителями которого являются: Группа Компаний ЛЭК (ГК ЛЭК) - лидер среди строительных компаний г. Санкт-Петербурга. ГК ЛЭК основана в 1989 году, в области инвестиций в жилищное строительство работает с 1992 года. За период работы реализовано более 50 проектов. На текущий момент компаниями группы осуществляется инвестирование в проекты общей площадью более 1,3 млн. м2";zao-pervyy-stroitelnyy-trest
ARS Group;/upload/iblock/5d8/5d8dbd9b65fed0b5481016f7491f8da0.png;"<br>
<br>
&nbsp; Компания ARS Group уже не первый год занимается строительством комплексов в Сочи. На счету компании достаточно много успешно реализованных проектов. ARS Group в настоящее время занимается возведением нескольких жилых комплексов бизнес-класса в разных районах Сочи.";ars-group
ФИШТ;/upload/iblock/c85/c85db8f520ddf33e1db0b967fe583d65.png;" 
  ООО ""ФИШТ"" являются застройщиками уникального проекта на побережье Черного моря - современного жилого комплекса «Огни Сочи», который совмещает комфорт проживания в домах бизнес класса, построенных по высоким стандартам безопасности и качества, доступные цены на квартиры, машиноместа, торговые и офисные помещения.
  Проект создан группой компаний, которые занимаются реализацией крупных инвестиционных проектов на рынке недвижимости в ЮФО: ОАО «Садовод» - крупнейшее сельскохозяйственное предприятие Краснодарского края, основанное в 1958 году и в настоящий момент занимающее территорию 1630 га и ООО «Блэк Си Девелопмент» - консалтинговая компания, специализирующаяся на рынке недвижимости ЮФО.";ooo-fisht
Универсал;/upload/iblock/8c2/8c27762b366371e154e7c9e07917d9b6.png;;zao-universal
Оникс;/upload/iblock/175/175c6edf79c9464932bdddde6b610251.png;"<br>
<br>
&nbsp; СК ""Оникс"" строит качественную недвижимость в Сочи. Уже возведенные жилые комплексы и жилые дома пользуются огромной популярностью среди желающих купить недвижимость в Сочи. Компания работает на российском рынке с 2006 года, успешно реализуя свои проекты в области возведения жилых комплексов и жилых домов.<br>
&nbsp; Используя накопленный годами опыт, компания использует только современные технологии в строительстве, которые отвечают всем аспектам комфорта и безопасности. Строительная компания Оникс гарантирует завершение строительства своих объектов в установленные сроки. Среди сданных объектов компании — комплексы жилых домов эконом класса, объединенных под названием ""ОНИКС"", расположенных в престижных районах Сочи с развитой инфраструктурой и близостью к морю. Количество построенных и сданных домов уже перевалило за 15 штук.";stroitelnaya-kompaniya-oniks
Север;/upload/iblock/f86/f86414756913ef09dfcd8544ac9b566f.png;"<br>
&nbsp; ПЖСК «Север» занимается строительством жилых комплексов в Сочи «под ключ». В сферу интересов компании входят строительство, прокладка и налаживание коммуникаций, инжиниринговая деятельность, ремонтно-отделочные работы. Главный проект компании - это построенный и сданный комплекс, состоящий из трёх 19-этажных домов";pzhsk-sever
Сунжа Девелопмент;/upload/iblock/d87/d873cb810e5d655065f67dfaee3b628e.gif;"<div>
	&nbsp; <br>
	&nbsp; Свою деловую активность в сегменте строительства элитной недвижимости Группа Компаний «Сунжа» начала в марте 1999 года с осуществления крупномасштабного инвестиционного проекта по строительству элитного Яхтно-оздоровительного комплекса в поселке Лазаревское, в пригороде Сочи. В настоящий момент Группа Компаний «Сунжа» является одним из крупнейших девелоперов на рынке элитной недвижимости Черноморского побережья России – общий объем портфеля проектов составляет более 500 000 м2. С 2005 года координацию и управления проектами Группы возложены на ООО «Сунжа Девелопмент» - Управляющую инвестиционно – строительную компанию. Ее функции состоят в организации полного комплекса предпроектных работ, оформление исходно-разрешительной документации, проектных, строительных, дизайнерских работ, а также мероприятий, связанных с проведением рекламной компании, продвижение продукта на рынок и взаимодействием с покупателями. Группа Компаний «Сунжа» с момента своего основания взяла курс на разработку и реализацию стратегии направленной на достижение лучших результатов в строительстве элитного жилья класса De LUXE, соответствующему уровню запросов самого искушенного и самого требовательного покупателя недвижимости. Началу осуществления этих амбиционных планов положило строительство элитного Жилого Комплекса «Золотой треугольник» в самом престижном районе города Сочи- «Светлана», в 200 метрах от моря, рядом со знаменитым парком «Дендрарий».
</div>
 <br>";gruppa-kompaniy-sunzha-development
КСК ;/upload/iblock/39e/39e6ef93767daed945bb01f4f814d8e8.jpg;"<div>
 <br>
	 &nbsp; &nbsp;Строительно-инвестиционную компанию ООО ""КСК"" — крупнейшего застройщика в Адлере и Сочи — ценят как лидера и надежного партнера уже в течение восьми&nbsp;лет. Компания работает исключительно с соблюдением законодательства в сфере строительства и сделок с недвижимостью.&nbsp;<br>
	&nbsp; Компания использует в строительстве новейшие технологии, что позволяет продавать квартиры, исключая не только посредников, но и завышенные наценки. Уверенную репутацию компания создала себе не только безупречной работой с клиентами, но и исполнением сложных и серьезных проектов. ""КСК"" принимала непосредственное участие в строительстве&nbsp;многоэтажек бизнес- и эконом-класса, жилых комплексов и бизнес-центров.<br>
 <br>
</div>
 <br>";ooo-ksk-
Кловер Групп;/upload/iblock/f7f/f7fdfc5fdfbd32685cc937e92c6d5912.jpg;"&nbsp; <br>
&nbsp; &nbsp;«Кловер Групп», одна из ведущих инвестиционно-девелоперских компаний России, активно работающая в сегментах офисной, торговой, развлекательной, гостиничной и жилой недвижимости.<br>
 Сегодня компания располагает такими успешными показателями, как широкая география текущих операций, значительный объем активов, находящихся во владении и управлении, уровень диверсификации и качество управления портфелем активов. Деятельность Компании ведется по четырем основным бизнес-направлениям, каждое из которых курирует соответствующее подразделение «Кловер Групп»: «Кловер-Девелопмент», «Кловер-Управление», «Кловер-Развлечение» и «Кловер-Хоспитэлити».<br>
 Объекты «Кловер Групп» - это всегда престижное расположение, удобная планировка, элегантное архитектурное решение, использование высококачественного материала и передовых технологий строительства и инженерии.<br>";investitsionnaya-kompaniya-klover-grupp
Орион Сервис;;<p>Компания занимается реализацией проектов в сфере недвижимости. Являются застройщиками домов премиум класса.</p>;orion-servis
Real House;/upload/iblock/519/5199703f9a867fe85d85ab67eeeb3901.png;"<br>
<br>
&nbsp; Застройщик ПЖСК ""Real House"" занимается активным строительством жилых комплексов в Сочи, преимущественно в Адлерском районе. Объекты&nbsp;ПЖСК ""Real House""<br>
 <br>";real-house
Футбол;;"&nbsp; Застройщик ПЖСК ""Футбол""&nbsp;работает на&nbsp;строительном&nbsp;рынке Сочи с 2009 года. Основным направлением деятельности компании является строительство жилых объектов недвижимости.&nbsp;В списке проектов ПЖСК ""Футбол"" числится возведение&nbsp;таких объектов недвижимости как: ""Арена-1"" - многоквартирный 8-этажный жилой комплекс и&nbsp;""Арена -2"" - многоквартирный 7-этажный жилой комплекс, расположенные в Адлерском районе.";futbol
Мега-Траст;/upload/iblock/24d/24d9c5df5e08f9be949cfa2d0e3fac3d.png;"<br>
 &nbsp; Компания ЗАО «Мега-Траст» - московский застройщик и инвестор строительства недвижимости Сочи. Компания отвечает всем принципам надежности и имеет многолетний опыт работы на рынке недвижимости.<br>
 &nbsp; У застройщика московские требования к качеству строительства, разрешениям и документам на продаваемые квартиры.&nbsp;<br>
 Продажа квартир осуществлялась только в сданных новостройках со всеми подключенными коммуникациями.<br>
&nbsp; Сданный в 2007 и полностью заселенный дом ЖК «Бригантина», состоящий из трёх домов, ЖК ""Бригантина 4"" отличающийся от первых трёх домов проектом и планировками&nbsp;и Жилой комплекс ""Атаман"" были полностью распроданы застройщиком в короткие сроки.<br>";mega-trast
Ростехинвест;;;rostekhinvest
Development Group;/upload/iblock/e03/e03504acb0ad955b2bebce05ca3b2410.png;"<br>
<br>
&nbsp; Строительная компания «Development Group» позиционирует себя как надежный застройщик с многолетним опытом работы на рынке недвижимости. Компания построила и успешно ввела в эксплуатацию многочисленные многоквартирные комплексы и коммерческую недвижимость в Сочи. В «Development Group» собрана&nbsp;команда из специалистов с многолетнем опытом работы.&nbsp;";development-group
Косов Олег Анатольевич ИП;;;kosov-oleg-anatolevich
РИК Строй Инвест;/upload/iblock/b50/b50c9d88c2264834447050a6210f6480.png;"<br>
<br>
 &nbsp; Целями строительной компании РИК Строй Инвест деятельности компании является расширение рынка товаров и услуг.<br>
 Компания активно занимается&nbsp;строительством зданий и сооружений, ремонтом оборудования, монтажом&nbsp;инженерного оборудования зданий и сооружений и многим другим.<br>
 Для каждого покупателя компания разрабатывает гибкую систему оплаты - составляются индивидуальные графики платежей, предоставляются индивидуальные условия.<br>
Компания обеспечивает юридическую защиту всех проводимых сделок, независимо от того, какого класса недвижимость рассматривается потенциальными покупателями";rik-stroy-invest
MAAGroup;/upload/iblock/6b1/6b194726a15a367d66690d7283f6db2a.jpg;"<div>
 <br>
	 &nbsp; &nbsp;MAAGroup - успешная компания в сфере строительства многоквартирных домов и коттеджных поселков. Работает на рынке уже 12 лет. За это время постоянными клиентами и партнерами MAAGroup&nbsp;стали уже более 3000 тысяч человек. Несмотря на экономическую нестабильность компания может предложить нашим клиентам наивысшее качество строительных объектов, минимальные сроки и низкие цены. <br>
	&nbsp; У Компании MAAGroup большой спектр услуг, которые включает в себя: строительство многоквартирных домов, индиви­­дуальный дизайн внутренних помещений.
</div>
<div>
	<br>
</div>";maagroup
Остринский;/upload/iblock/9f9/9f991bd5c80ee92def5e8e259d6626ab.jpg;"<br>
<br>
&nbsp; Строительно инвестиционная компания ""Остринский"" - это одна из ведущих компаний с высоким уровнем производства и современной технологией в сфере гражданского строительства и отделочных работ. На сегодняшний день возведено порядка 139 822 м2 жилой площади в нескольких городах России. Работы в сфере строительства характеризует высокое качество и короткие сроки возведения объектов. В городе Сочи ""Остринский"" представляет на выбор покупателей множество жилых комплексов по оригинальным проектам различного класса в разных районах города и на разных стадиях готовности.";ostrinskiy
Империал-Инвест;/upload/iblock/e46/e461e640dd4e52f6143c91b5a2480c37.png;"<br>
&nbsp; Компания «Империал-Инвест» известна на рынке недвижимости Сочи с 2015 года. Это молодое предприятие, которое динамично развивается. Застройщик «Империал-Инвест» имеет свою стратегию, а в компании работает отлично слаженная команда профессионалов различного профиля. Все специалисты имеют опыт в строительной индустрии, и все время совершенствуются, посещают семинары и курсы. Все проекты реализовываются по нормам и стандартам современного строительства.&nbsp;В данный момент компания «Империал-Инвест» реализовывает жилой комплекс «Горный-5». В нем можно купить квартиру от застройщика «Империал-Инвест» в Сочи различной площади и планировки. В районе есть все элементы инфраструктуры и удобная транспортная система.";imperial-invest
РЖДстрой;/upload/iblock/ccc/ccc6b88fd3a064b9afce3b120be2a85d.png;"<br>
&nbsp; В структуру Общества входят 16 строительно-монтажных трестов, управляющих линейными предприятиями — строительно-монтажными поездами и строительными участками; 3 специализированных филиала, а также Дирекция Выделенных Проектов: обособленное структурное подразделение для организации строительства объектов Олимпиады-2014. В Сочи АО ""РЖДстрой"" реализует крупные проекты жилых комплексов, состоящих из нескольких корпусов.";rzhdstroy
Atlant Group;/upload/iblock/65c/65c75db264ccb829005e8630214f0232.jpg;"<br>
<br>
&nbsp; «Atlant Group» — это компания, которая объединяет в себе надежность и качество. Огромный опыт в сфере строительства, команда профессионалов и качественные материалы позволили построить один из самых красивых квартирных домов Адлерского района. Компания успешно построила и сдала в эксплуатацию несколько жилых комплексов в Адлерском районе и занимается активным строительством и разработкой новых проектов.&nbsp;";atlant-group
ALK++Company;/upload/iblock/60c/60cb3aabbcc24737a5dbe7140ca8362f.jpg;"<div>
 <br>
	 &nbsp; &nbsp;Строительная компания ALK++Company оказывает полный спектр услуг - от проектирования зданий до подключения к инженерным коммуникациям. От благоустройства и ремонта территории до строительства крупных объектов. На счету компании десятки построенных и сданных объектов в Сочи. Начиная от магазинов, кафе и торговых центров, и заканчивая крупными проектами многоэтажных жилых комплексов в разных районах Сочи и Красной Поляны. <br>
	&nbsp; Миссией компании является создание долгосрочных преимуществ для своих клиентов, а также конкретных жителей мегаполисов, прежде всего за счет профессионализма, использования инновационных технологий и обеспечения стабильного развития бизнеса. <br>
	&nbsp; В штат компании входят опытные архитекторы, конструкторы и дизайнеры, высококвалифицированные инженеры-строители, рабочие разных специальностей, сформирована бригада монтажников-сантехников. В настоящее время на объектах «ALK++Company» работают около 900 высококвалифицированных специалистов. При необходимости это количество может быть увеличено. Организация имеет базу общей площадью 2 ГА, 3 растворобетонных узла, производительностью&nbsp;20 000,00 м3 и огромное количество разнообразной строительной спецтехники. Это позволяет компании, уже не первый год, реализовывать проекты любой сложности.
</div>
<h2></h2>";alk-company
Косенков Михаил Александрович;;"  На счету застройщика Михаила Александровича Косенкова, в общей сложности, более 15 жилых домов в Сочи. 80% из них сданы, полностью распроданы и заселены. Остальные находятся на этапе строительства. Квартирами в его домах стали десятки стали десятки людей со всех уголков России, мечтавшие приобрести недорогую недвижимость в лучшем курорте России. В настоящее время, Михаил продолжает реализовывать строительство жилых комплексов в различных районах города Сочи. Самым масштабным его проектом стал жилой комплекс ""Рио"", состоящий из более, чем 10 домов. Его комплексы имеют огромную популярность и практически полностью раскупаются еще на стадии строительства.";kosenkov-mikhail-aleksandrovich
Стройресурс;;"&nbsp; ООО ""Стройресурс"" уже не первый год функционирует на рынке недвижимости в Сочи, реализуя проекты в различных микрорайонах Сочи. На счету компании около 10 проектов, большинство из которых находятся в районе Мацеста.";stroyresurs
ГРАС;/upload/iblock/68d/68d5579599ede1e217c503754c1a8b4f.png;"<p>Группа компаний «ГРАС» — крупный российский девелопер полного цикла, на счету которого немало проектов в области строительства, управления недвижимостью, производства строительных материалов, девелопмента и консалтинга.</p> 
<p>Формула нашего успеха — продуманная стратегия развития в сочетании со способностью предугадывать изменения рынка. Строительство жилья разного класса для достойной и комфортной жизни — одно из главных направлений группы компаний.</p>

 <p>История ГК «ГРАС»</p>
 <p>2005 год</p>
<ul> 
<li>Образование Межрегиональной Финансовой Компании «ГРАС»</li>
<li>Начало строительства элитного высотного жилого комплекса «Александрийский Маяк»</li>
</ul> 
<p>2006 год</p>
<ul> 
<li>Образование Управляющей Компании ГРАС</li>
<li>Начало строительства комплекса «Новая Александрия»</li>
</ul>
<p>2007 год</p>
<ul>
<li>Ввод в эксплуатацию жилого комплекса «Александрийский Маяк».</li>
<li>Запуск проекта по строительству коттеджного поселка в Калужской области «Земляничная поляна»</li>
<li>Образование «Межрегиональной производственно-ресурсной корпорации «ГРАС»</li>
<li>Закладка первого камня завода ДСК «ГРАС-Калуга», Калужская область, Малоярославецкий район</li>
</ul>
<p>2008 год</p>
<ul>
<li>Реализация проекта «Земляничная поляны»</li>
<li>Закладка первого камня завода ДСК «ГРАС-Саратов», Саратовская область, д. Александровка</li>
<li>Разработка песчаных месторождений «Александровка 3», «Александровка 4»</li>
</ul>
<p>2009 год</p>
<ul>
<li>Запуск производства на заводе ДСК «ГРАС-Калуга»</li>
<li>Строительство завода по производству автоклавного ячеистого бетона мощностью 450 тыс. м3 в год в Саратовской области</li>
<p>2010 год</p>
<ul>
<li>Ввод в эксплуатацию жилого комплекса «Новая Александрия» </li>
<li>Запуск производства на заводе ДСК «ГРАС-Саратов»</li>
<li>Закладка первого камня завода в Светлограде</li>
</ul>
<p>2011 год</p>
<ul>
<li>Начало строительства ЖК «Утесов» (г. Москва)</li>
<li>Начало строительства многофункционального квартала «Флотилия» (г. Москва)</li>
<li>Начало строительства жилого комплекса на ул. Осташковской (г. Москва)</li>
<li>Запуск проекта «Сан-Сити»</li>
</ul>
<p>2012 год</p>
<ul>
<li>Начало строительства квартала «Флотилия» (г. Москва)</li>
<li>Возведение цехов завода ДСК «ГРАС- Светлоград»</li>
<li>Запуск сельскохозяйственного производства «Агропроминвест» (Калужская область)</li>
</ul> 
<p>2013 год</p>
<ul>
<li>Запуск производства на заводе ДСК «ГРАС-Светлоград»</li>
<li>Ввод в эксплуатацию одного из корпусов жилого комплекса на ул. Осташковская (г. Москва)</li>
<li>Подписание соглашения о стратегическом партнерстве с ВТБ 24 по объектам ЖК «Утесов» и квартал «Флотилия»</li>
<li>Открыта кредитная линия в КБ МИА для финансирования строительства ЖК «Утесов»</li>
</ul>
<p>2014 год</p>
<ul>
<li>Создание архитектурного бюро ГК ГРАС</li>
<li>Подписание соглашения о стратегическом партнерства с Московским банком ОАО «Сбербанк России» по проекту квартал «Флотилия»</li>
<li>Запуск строительства второй очереди квартала «Флотилия» (7-этажный инфраструктурный комплекс)</li>
<li>Создание управляющей компании ГК ГРАС</li>
<li>Завершение строительства жилого комплекса МПИ на Осташковской улице</li>
</ul>
<p>2015 год</p>
<ul>
<li>Сдача в эксплуатацию корпуса жилого комплекса МПИ на Осташковской улице. Объект полностью завершен, идет заселение.</li>
</ul>";gras
MR Group;/upload/iblock/cfa/cfa2f04f598b03a8fe12e20407abc252.png;"<br>
 <br>
 &nbsp; Компания MR Group успешно работает на российском рынке с 2003 года и является одним из лидеров в девелопменте жилой и коммерческой недвижимости.<br>
&nbsp; Портфель компании – это 30 объектов общей площадью 5 миллионов кв. м в Москве, Московской области и Сочи. В стадии реализации находятся такие крупные проекты MR Group, как многофункциональные жилые комплексы ""Пресня Сити"", ""Фили Град"", ""Савеловский Сити"", жилые комплексы ""Воробьев Дом"", PerovSky, ""Царская площадь"", комплексы апартаментов ""Двинцев,14"" и ""Басманный, 5"", а также индустриальный парк «Ступино Квадрат». Среди реализованных объектов компании: многофункциональный комплекс ""Водный"", жилой микрорайон ""Эко Видное"", бизнес-центры Danilov Plaza, «Лотос», «Даниловский Форт», «Новосущевский», «Трио», «Victory Plaza», «Двинцев», «Аэропорт», жилые комплексы «Королевский парк» (Сочи) и «Химки Сквер», курортный комплекс апартаментов «Актер Гэлакси» (Сочи).<br>
&nbsp; В 2015 году MR Group стала fee-девелопером проектов компании Coalco – московских объектов - «Пресня Сити», «Царская площадь» и «Басманный, 5».<br>
&nbsp; Компания MR Group – четырежды Девелопер года по версии премии Urban Awards, CRE Awards, Move Awards и ""Рекорды рынка недвижимости"". Проекты компании не раз становились лучшими в своих сегментах: в 2015 году торговый центр ""Водный"" признан лауреатом в категории ""Средний торговый центр"", МФК ""Водный"" - победителем в номинации ""Лучший многофункциональный комплекс"" по версии CRE Awards-2015 и ""Лучший реализованный проект в области строительства многофункциональных центров"" одноименного конкурса Правительства Москвы, БЦ ""Савеловский Сити"" - победителем в номинации ""Лучший бизнес-центр класса Б"" (CRE Awards-2015), БЦ ""Лотос"" признан лучшим реализованным проектом в области строительства бизнес-центров.<br>
&nbsp; MR Group входит в ТОП-10 крупнейших застройщиков России по версии аналитического агентства Infoline и Национального объединения застройщиков жилья.<br>
&nbsp; Накопленный профессиональный опыт позволяет MR Group оказывать полный спектр услуг: от подбора площадки под объект недвижимости, анализа эффективности, создания концепции проекта, получения разрешительной документации до проектирования, осуществления строительства, продвижения, реализации и дальнейшей эксплуатации.<br>
&nbsp; MR Group является членом таких профессиональных организаций, как Гильдия управляющих и девелоперов, Национальное агентство малоэтажного и коттеджного строительства (НАМИКС), Ассоциация индустриальных парков России, Экспертный совет по развитию комфортного и доступного жилья при Минстрое России, Агентство стратегических инициатив (АСИ), учредителем которого является Правительство Российской Федерации, общероссийская общественная организация «Деловая Россия», входит в Клуб инвесторов Москвы.";mr-group
ЧЕРНОМОР;/upload/iblock/03d/03d394286b0a7a4fc3d2f2f62228e5ac.png;"<p>Компания ООО ""ЧЕРНОМОР"" является застройщиком уникального проекта жилого комплекса на первой береговой линии Черного Моря. </p>
<p>Строительство ведется по федеральному закону 214, с обязательной страховкой и регистрацией договоров долевого участия в МФЦ. В строительстве задействован опытнейший ген.подрядчик, в связи с чем строительство ведется высокими темпами без потери качества.</p>";chernomor
Донстрой;/upload/iblock/9f6/9f65a61c608d99db938cdf28433cc0b2.png;" 

  Компания «Донстрой» — крупная строительная компания Ростова-на-Дону и Ростовской области. С 1999 года мы профессионально проектируем, строим, реализуем недвижимость для жизни и для работы. За это время нами возведено и находится на разных стадиях строительства более 30 жилых комплексов, домов и других объектов строительства в Ростове-на-Дону и Сочи общей площадью около 200 тысяч кв.м. Среди них такие масштабные строительные проекты как жилой комплекс «Ривьера» в Сочи и комплексная застройка микрорайона в Северном жилом массиве Ростова-на-Дону.
  Принципы компании:
Каждый объект строительства – уникален. Компания находится в постоянном поиске перспективных площадок, как в центральной части города, так и в спальных районах Ростова-на-Дону. Украшением центра Ростов-на-Дону стали дома на перекрестке улицы Пушкинской и проспекта Чехова, а также в исторической части города – на перекрестке улицы Петровского и переулка Крепостной. Гармонично влились в инфраструктуру Северного района три дома на улицах Королева и Космонавтов.
Компания «Донстрой» – это команда профессионалов, которая постоянно находится в поиске выразительных и эргономичных архитектурных решений, современных технологий, экологически чистых материалов. Мы строим элитные и доступные многофункциональные жилые комплексы, а также объекты коммерческой недвижимости. Кредо компании — строго соблюдать качество и сроки строительства.
  Среди приоритетных направлений развития компании — комплексная застройка микрорайонов с жилыми домами, офисными, торговыми и развлекательными центрами, возведенными в соответствии с лучшими мировыми стандартами архитектуры и качества. ";donstroy
Ново-ГрадЪ;/upload/iblock/690/690ebfd57d825e2bee5c39a4f722ac0f.jpg;"  
  Профессиональный подход компании Ново-ГрадЪ, позволяет детально продумать планировки квартир, благоустройство прилегающей территории, сохранить экологическую чистоту и гарантированную прочность. Ново-ГрадЪ сотрудничает с лучшими поставщиками строительных материалов. У компании за плечами строительство олимпийских объектов, возведение торговых центров и жилых домов на территории Сочи и Москвы. ";novo-grad
МЕТРОПОЛИС;/upload/iblock/d0d/d0d3d10e31d5626ef8e49b1091152cc6.png;" 
   Компания «Метрополис» занимается строительством жилых комплексов в Сочи. Один из их проектов – это элитный ЖК «Сокол» класса «премиум», который расположен в престижном районе города. Застройщик спроектировал данный объект так, чтобы создать все необходимые условия для прекрасной жизни. Это не только высокие технологии строительства с качественных материалов, но и план обустройства придомовой территории, разработка удобного подъезда, анализ внешней и создание внутренней инфраструктуры. Рядом будет обустроена детская и спортивная площадки, тренажерный зал, фитнес-центр, СПА-салон. Возле комплекса будет обустроена зона отдыха с декоративными растениями и фонтаном. Во дворе не будет автомобилей, поскольку предусмотрен подземный паркинг.

 Компания «Метрополис» создает многоквартирные дома с удобной планировкой, при которой можно реализовать любой дизайн-проект интерьера и создать индивидуальное пространство. Жилье подойдет как для одиноких людей, так и для большой семьи, поскольку созданы все условия для комфортной жизни. ";metropolis
Идиллия;/upload/iblock/66f/66f8007cdff47abccae34cbf4e0579eb.jpg;"<br>
 &nbsp; <br>
 &nbsp; Межрегиональная ремонтно-строительная компания «Идиллия» основана в 2003 году. <br>
&nbsp; Сферой деятельности компании является Краснодарский край и Поволжский регион, Самарская, Ульяновская, Саратовская, а также Пензенская и Оренбургские области. МРСК «Идиллия» идет в ногу со временем благодаря высокотехнологичному подходу к строительному бизнесу, опыту высококлассных специалистов, собственной материально-технической базе.<br>
&nbsp; Успешное и динамичное развитие во многом обеспечены вниманием, которое специалисты МРСК «Идиллия» уделяют деталям.<br>
 В каждый объект вкладываются не только знания, умения и навыки, но и частица души.<br>
&nbsp; В Сочи компания реализовала несколько жилых комплексов комфорт-класса в различных районах города.";idilliya
СТРОЙГРАДЬ;;;stroygrad
ЮгСпецСтрой;/upload/iblock/52c/52c98b0ba413a94a5c1844e77e7c3247.png;"

  Компания ООО «ЮгСпецСтрой» создана 17 ноября 2008 года.";yugspetsstroy
СаМиН;;"	
  Компанией ООО ""СаМиН"" построено и введено в эксплуатацию два многоэтажных общественно-жилых комплекса один из которых класса ""премиум"" со встроенными коммерческими помещениями ресторанами и магазинами в Центральном р-не г.Сочи общей площадью - 3 680 м2. У компании ООО ""СаМиН"" богатый опыт строительства в стесненных условиях старой городской застройки с учетом сохранения исторического архитектурного облика и стиля.";samin
Наш Дом;/upload/iblock/e23/e23e974ed468497a67350ade3920f5db.jpg;"  
 
   На сегодняшний день компания ООО ""Наш Дом"" представляет собой современную структуру, способную решать самые сложные задачи на любом этапе строительства. ООО ""Наш Дом"" совместно со своими партнёрами выполняет как субподрядные, так и генподрядные работы, а также специальные виды работ, включая буровые работы диаметром свай до 2500 мм, в условиях стесненных территорий, зон повышенной сейсмичности 9 баллов. Все работы выполняются в соответствие с требованиями нормативной и проектной документацией, ГОСТ, СНиП. Сложные и спорные вопросы в процессе работ решаются оперативно и грамотно, всегда предлагается несколько путей решения, при необходимости выполняется пересогласования проектных решений. При выполнении комплекса работ по строительству зданий и сооружений компания ООО ""Наш Дом"" совместно со своими партнёрами зарекомендовала себя как ответственная, исполнительная и компетентная организация, своевременно реагирующая на замечания Заказчика и контролирующих органов.";nash-dom
Сочижилстрой;;  Компания ООО «Сочижилстрой» основана в мае 2003 года с целью строительства жилых объектов в городе Сочи. В данный момент реализовала проект жилого комплекса «Южный берег» состоящего из двух многоэтажных домов. ;sochizhilstroy
РосИнвестСтрой;;"  
  Основная сфера компании «РосИнвестСтрой» – это строительно-монтажные работы. Чтобы организовать эту работу, заранее проектируется конкретный объект и разрабатывается вся рабочая документация. Затем начинается возведение строительных конструкций под авторским надзором, а после этого оформляются фасады. Также происходят отделочные работы общественных помещений и жилых квартир. Проводятся коммуникации и инженерные сети. Важно отметить, что застройщик осуществляет облагораживание территории вокруг дома:  детская площадка, зоны отдыха, паркинг и озеленение. Также компания «РосИнвестСтрой» создает все условия для эксплуатации и качественного обслуживания недвижимости. ";rosinveststroy
РЕМСТРОЙТРЕСТ;/upload/iblock/e8b/e8bb68e8399d4c4b75544f906f128416.png;"  

  Инвестиционно-строительная компания «РЕМСТРОЙТРЕСТ» была зарегистрирована в 1991 году на базе ремонтно-строительного треста Черемушкинского района города Москвы. Свою деятельность компания ведет более 35 лет – с 1978 года. С момента создания и по настоящее время руководителем компании является Заслуженный и Почётный строитель России и Москвы, кавалер ордена ""Святого Станислава"" - Евсеева Галина Николаевна.
  ЗАО «РЕМСТРОЙТРЕСТ» первостепенное внимание уделяет клиентам, которые, в свою очередь, ценят в компании надежность, соблюдение сроков, гарантии и качество работы. Одно из преимуществ ЗАО «РЕМСТРОЙТРЕСТ» - постоянное повышение квалификации сотрудников с изучением современных технологий и методик. Все работы выполняются профессионалами, специалистами высокого уровня. Генеральный директор компании Евсеева Галина Николаевна - человек с огромным опытом (более 50 лет в отрасли), талантливый руководитель, заботящийся о нуждах компании. Благодаря Галине Николаевне в компании найдено оптимальное соотношение между квалифицированными работниками и молодыми специалистами. 
  Инвестиционно-строительная компания «РЕМСТРОЙТРЕСТ» также проводит большую благотворительную деятельность, помогая Российской Православной Церкви возрождать монастыри. Компания оказывала помощь при восстановлении Храма Христа Спасителя, нескольким церквям в Юго-Западном округе Москвы, а также Свято-Троицкому Стефано-Махрищскому женскому монастырю. В 2007 году Евсеева Галина Николаевна была награждена Патриаршей грамотой за усердные труды во славу Русской православной церкви.
  Компания постоянно расширяет свою географию деятельности. Несмотря на то, что основная часть работ выполняется в Москве и Новой Москве, ЗАО «РЕМСТРОЙТРЕСТ» также ведет строительство в Санкт-Петербурге и других регионах России.

";remstroytrest
Ультрамарин;/upload/iblock/0b9/0b99c3c3ba655893983458062650fdaf.png;"  

  Компания ООО «Ультрамарин» занимается строительством и продажей недвижимости с 2002 года в Сочи. Основной род деятельности – это возведение жилых объектов. Так же компания осуществляет реконструкцию и демонтаж сооружений, установку технологического оборудования и положение коммуникаций. ";ultramarin
СГС-Инвест-Консалтинг;;"  
  ООО «СГС-Инвест-Консалтинг» с 2005 года осуществляет инвестиционную, строительную и торговую деятельность на рынке первичной жилой и нежилой недвижимости г.Сочи.  Компанией построен и сдан в эксплуатацию жилой комплекс бизнес-класса «Флагман», а так же ряд объектов коммерции в центре г.Сочи.
";sgs-invest-konsalting
Крокус;/upload/iblock/b93/b93be371a3bdfd887c0d4cc9ec3bf0c2.png;"  

  Товарищество собственников жилья «Крокус» (ТСЖ «Крокус») является Застройщиком многоквартирного жилого дома бизнес — класса «Крокус».
  ТСЖ «Крокус» создано в ноябре 2011 года. Целью создания ТСЖ «Крокус» является непосредственная реализация современного архитектурного проекта — жилого комплекса «Крокус». Это уже не первый проект реализованный при тесной поддержке администрации города — курорта Сочи и руководящего состава ТСЖ «Крокус».";krokus
Welcome Development ;/upload/iblock/687/687783cc41a6c28c67b2135dfe3f2908.jpg;"  

  Welcome Development - крупный застройщик г.Сочи. Деятельность компании – это освоение крупных территорий и возведение на них жилых комплексов. Кроме этого, организация предлагает услуги по обслуживанию новостроек.
  Одним из масштабных проектов Welcome Development является жилой комплекс «Курортный», где предполагается возведение не только жилых зданий, но и целого комплекса инфраструктуры. Сейчас в активе компании насчитывается восемь собственных девелоперских проектов. Ипотечным партнером компании Welcome Development является Сбербанк";welcome-development-
Риквэст-Юг;/upload/iblock/95e/95ef513d5621fe5d8297264d05855755.png;"  
  Компания ООО «Риквэст-Юг» построила и ввела в эксплуатацию жилой комплекс «МИДГАРД». Жилой комплекс расположен в непосредственной близости от моря, граничит с великолепным санаторием ""Заполярье"". Развитая инфраструктура, шикарные виды, паркинг, близкое расположение к центру, собственная охрана и это далеко не все преимущества данного комплекса. ";rikvest-yug
РосТехСтрой;/upload/iblock/006/0061c55107bbe82f8d2beb240262be23.jpg;"  
  Строительная компания ООО «РосТехСтрой» создана ещё в 1998 году и является крупным участником перспективного направления в строительной сфере, которая прошла долгий путь от субподрядной организации к самостоятельной фирме, способной на реализацию сложнейших проектов. Компания осуществляет капитальное строительство, подходя к этой услуге предельно ответственно. Строительная фирма «РосТехСтрой» состоит из профессионалов, которые выполняют на высоком уровне строительные, отделочные, монтажные, штукатурные и буровые работы. ";rostekhstroy
СЖСК;/upload/iblock/7b5/7b531e115cd701c5f4af2a3e76802492.png;" 

  Сочинская Жилищно-Строительная Компания была основана в 2007 году.
В 2011 году компания была реорганизована в ООО ""СЖСК"". Целью компании является строительство качественного жилья разных сегментов на Черноморском побережье. Последующее управление «собственным» жилым фондом является перекресным гарантом компании как строителя, так и высококлассного подрядчика.
  Все проекты ООО ""СЖСК"" (реализованные и строящиеся) обладают: качеством самих строений и отличным расположением с близостью ко всей необходимой для жизни и отдыха инфраструктуре.";szhsk
АЛЬПИКА;/upload/iblock/e8d/e8d7344f6adc3ed13ade85d98d3e055e.png;"  

  Группа компаний «Альпика» осуществляет строительную деятельность в городе Сочи с 2007 года.

В сферу деятельности компании входит:

проектирование и строительство объектов;
реконструкция зданий и сооружений;
выполнение ремонтных работ;
капитальный ремонт зданий и сооружений;
прокладка инженерных сетей и коммуникаций;
благоустройство территорий;
а так же участие в строительстве социального жилья и благотворительные проекты.
Профессионализм и квалификация работников компании позволяет выполнять работы высокой сложности, оперативно решать возникающие производственные вопросы, сдавать в эксплуатацию объекты, качество которых не вызывает сомнений!

";alpika
Мебельщик;/upload/iblock/cc9/cc96b5cff321868c7c24e229dfa5e8b7.jpg;" 
  ООО «Мебельщик» является Застройщиком в рамках реализации инвестиционного проекта по строительству многоквартирного жилого комплекса «Каравелла Португалии».    
  ЗАО «Мебельщик» было зарегистрировано в 1996 году, после чего в феврале 2002 года преобразовано в ООО «Мебельщик» и выкуплено португальской компанией - «ИМОРБИ II-ИНВЕСТИМЕНТОС ИМОБИЛАРИОС, С.А.
ООО «Мебельщик» владеет земельным участком на правах долгосрочной аренды по договору № 158 от 20.09.1996 г. Площадь участка 52 100 м2.";mebelshchik
КУБАНЬ РАЗВИТИЕ;/upload/iblock/34e/34e078839ed7f312d772ad1915ffefc8.jpg;" 

  СК «КУБАНЬ РАЗВИТИЕ» — это динамично развивающаяся компания, объединившая коллектив профессионалов и единомышленников, понимающих, что в любом серьезном деле нет мелочей. 
Компания работает на строительном рынке Краснодарского края с 2000 года. Имеющиеся ресурсы, высокая квалификация и профессионализм работников, а также накопленный опыт позволяют в необходимые сроки и с безупречным качеством выполнять весь комплекс работ по строительству крупных объектов различного назначения. 
";kuban-razvitie
Весенний;/upload/iblock/ad9/ad91e25574faef27eb72f17189422a03.png;"<br>
&nbsp; &nbsp;&nbsp;<br>
 &nbsp; &nbsp; Компания-застройщик ООО ""Весенний"" работает на строительном рынке города Сочи с 2007 года и за этот&nbsp;период успела построить и ввести вэксплуатацию уже около 25 жилых&nbsp;домов входящих в состав 5 жилых комплексов — ЖК «Весенний» (15 сданных домов), ЖК «Немецкий квартал» (4 сданных дома, 1 дом на этапе строительства), ЖК «Поэт» (сданный дом) , ЖК «Дом у рощи» (2 сданных дома), ЖК «Панорама Сочи» (2 сданных дома, 1 дом на этапе строительства).
<p>
	 Опыт непрерывной работы в строительстве —&nbsp;9 лет!
</p>
<p>
	 Имеющиеся ресурсы, высокая квалификация и профессионализм работников, а также накопленный опыт позволяют ООО ""Весенний""&nbsp;в необходимые сроки и с безупречным качеством выполнять весь комплекс работ по строительству наших объектов.
</p>
<p>
	 На сегодняшний день компания непрерывно продолжает строительство для того, чтобы уже завтра довольные покупатели со всех уголков не только России, но и стран ближнего и дальнего зарубежья, смогли насладиться комфортным проживанием в лучшем курорте России!
</p>";vesenniy
РогСибАл;/upload/iblock/34c/34c9fd619b0d0d956764dbe978ef7283.jpg;"  
  
  Строительная компания ООО «РогСибАл» является застройщиком апартаментного комплекса «Имеретинский» в Адлере.";rogsibal
ЭКСПОСТРОЙ;/upload/iblock/8b7/8b71d00e67f7024a7f37ab5d6fec2771.gif;" 
  ООО «ЭКСПОСТРОЙ» является членом саморегулируемой организации «Межрегиональное объединение строителей».
";ekspostroy
СИНУР;/upload/iblock/b03/b03865a548380ae9fdee7018c4166c8b.png;" 
  Группа компаний «СИНУР» выполняет полный комплекс профессиональных услуг от инвестирования и проектирования до передачи готовой квартиры покупателю. В настоящее время Группа компаний «СИНУР» осуществляет разработку и реализацию новых проектов строительства жилой недвижимости на территории Краснодарского края и Московской области.
  Группа компаний «СИНУР» - активный участник рынка недвижимости с 1998 года на территории Москвы и Краснодарского края. «СИНУР» - зарегистрированный товарный знак.
Сегодня компания является действующим членом Гильдии управляющих и девелоперов (ГУД).";sinur
РОСПРОМ;/upload/iblock/7a6/7a6fe490a6c42c02c5f277f0291f251d.jpg;"

  ООО «РОСПРОМ» это динамично развивающаяся строительная компания, осуществляющая свою деятельность на рынке недвижимости Сочи более 6 лет. С первых лет работы приоритетным направлением для компании стало комплексное развитие проектов, что означает полный цикл работ — от начального анализа земельного участка и маркетинговых исследований рынка, до ввода построенного объекта в эксплуатацию и управления зданием. Основные направления работы компании: девелоперские услуги на территории г. Сочи. Опыт работы и деловая репутация обеспечивают эффективность работы на рынке недвижимости Сочи. На сегодняшний день компанией реализовано несколько жилых комплексов.
";rosprom
BASISgroup;/upload/iblock/64d/64de419f0e7f1c2938d751ec21620969.png;"
  
   BASISgroup (Базис Групп) проектирование и строительство: жилищных, гражданских и промышленных объектов. Компания BASISgroup спроектировала, построила и ввела эксплуатацию апартаментный комплекс ""Верещагинская дача"". Комплекс олицетворяет традиции прогресса и новаторства в архитектуре, начало которым положили братья Верещагины, и является связующим звеном между прошлым и будущим.";basisgroup
ГлавРусСтрой-Инвест;/upload/iblock/e58/e5844531e085ec91c35265278e8d871e.png;"
 
  Компания «ГлавРусСтрой-Инвест»  успешно осуществляет инвестиционно-строительную деятельность не только в Москве и ближайшем Подмосковье, но и в г.Сочи. Основу предложений составляют жилые комплексы. Так же в портфеле компании представлены коммерческие нежилые помещения в жилых комплексах г.Сочи и Подмосковной Ивантеевки. 
  Компания «ГлавРусСтрой-Инвест» имеет множество заслуженных наград и сертификатов, с том числе звание «Лучшее предприятие года» (2013г.)
  С 2013 года компания является членом Фонда содействия развития предпринимательства.";glavrusstroy-invest
АДДА;/upload/iblock/296/2969109019ad872c893444cfd27c1954.jpg;"<br>
 <br>
&nbsp; Строительная компания «АДДА» была основана в 2002 году. За это время она успела зарекомендовать себя на рынке как добросовестного партнера, выполняющего качественно и в необходимые сроки свои обязательства.<br>
&nbsp; Диапазон услуг, которые оказывает застройщик ООО «АДДА» необычайно широк. В список входят такие, как девелопмент, услуги в сфере долевого строительства, инвестиции в недвижимость, консультирование по управлению объектами, продажа квартир, юридическое сопровождение сделок. Кроме того, компания принимает участие в проектах других строительных фирм в качестве подрядчика.<br>
&nbsp; Компания «АДДА» занимается реализацией различных проектов. В ее активе есть и многоквартирные дома, и малоэтажные проекты. В своей работе только самые новые разработки в строительной индустрии и современные и качественные строительные материалы. Одним из последних проектов, который воплотила компания «АДДА» стало строительство жилищного комплекса «Малый Ахун», расположенный на зеленом склоне одноименной горы. Комплекс грамотно спланирован, включает в себя новейшие архитектурные решения и разветвленную инфраструктуру.&nbsp;";adda
NBM;/upload/iblock/1a1/1a19d24d3c7d2e0e4e08de0b0a99f009.png;"

  Группа компаний NBM создана в 1994 году.
За многолетнюю историю успешной работы компанией построены жилые и общественные здания в Москве, столичном регионе, г.Сочи и других регионах России. Актуальный портфель проектов составляет порядка 1 000 000 кВ.м., в активной разработке находится ещё более 1 млн кВ.м. жилья комфорт-класса и коммерческих площадей в Москве и области.
  NBM – девелопер полного цикла, ведущий реализацию жилых и коммерческих проектов от выбора участка, проектирования, возведения до ввода в эксплуатацию. Главный приоритет при реализации проектов группа NBM отдает качеству материалов, выполнения работ и соответствию потребностей и ожиданий потребителя готовому продукту. Все проекты Группы NBM отличает высокий стандарт качества проектирования и строительства. NBM реализуется знаковый проект компании «Rose Group» – «Микрогород «В лесу».
  Уделяя особое внимание социальной ответственности бизнеса, группа NBM является крупным соинвестором достройки жилого комплекса «Западные ворота столицы», благодаря усилиям компании дольщики, пострадавшие от действий печально известной «Социальной инициативы», получают долгожданные квартиры.
";nbm
GENERAL BUILDER;/upload/iblock/e74/e7415d9784495e2b2ecc301c6385dc64.png;"
  Компания ""GENERAL BUILDER"" является застройщиком закрытого коттеджного поселка ""Андреевский Прованс"". Так же занимается строительством домов и коттеджей от эконом - класса до элитных. При взаиморасчетах с компанией ""GENERAL BUILDER"" возможна рассрочка платежа и Traid In. ";general-builder
Development City;/upload/iblock/bce/bce4e4d3d795131969fdf59b6fdeea8e.jpeg;"

  Строительная компания «Development City» - это бренд с большой историей и уровнем доверия у клиентов. Застройщика выделяют долговременные отношения с клиентами, выгода в цене и выполнение всех договоренностей точно в срок.  
  Основная цель строительной компании «Development City» - увеличение покупательской способности населения за счет выгодных предложений и низких цен в сегменте недвижимости. Предлагая качественное жилье за разумные деньги (доступное жилье) и различные возможности оплаты, среди которых выгодная рассрочка или ипотека от ведущих российских банков, застройщик существенно расширяет клиентскую базу и повышает спрос у населения. 
";development-city
Забралов Андрей Игоревич;;"<p>
	 Забралов Андрей Игоревич является одним из самых известных застройщиков Сочи.
</p>
<p>
	 Популярность застройщик приобрел благодаря успешно построенным и введенным в эксплуатацию комплексам, в числе которых комплекс элит-класса ""<a href=""https://sunsochi.com/catalog/novostrojki/elitnye_novostroyki_v_sochi/zhk_zelenaya_roshcha/"">Зеленая Роща</a>"", комплекс ""<a href=""https://sunsochi.com/catalog/novostrojki/novostroyki_v_adlere/zhk_art_khaus/"">Арт Хаус</a>"", находящийся в 5 минутах ходьбы от моря, и знаменитый комплекс комфорт класса ""<a href=""https://sunsochi.com/catalog/novostrojki/sdannye_novostroyki_v_sochi/zhk_romanovskiy_1_i_2/"">Романовский</a>"", насчитывающий уже 5 домов.
</p>
<p>
	 Благодаря этому, его комплексы раскупаются желающими приобрести недвижимость в лучшем курорте России еще на этапе строительства.
</p>";zabralov-andrey-igorevich
Акцепт;/upload/iblock/7b7/7b762cb5610357f95b4aee1b0a747cab.jpg;" 

  Общество с ограниченной ответственностью «Акцепт» известно на строительном рынке города Сочи более восьми лет. Деятельность компании Акцепт напрямую связана с инвестированием, возведением и реализацией как доступных новостроек эконом класса, так и объектов бизнес-класса.
";aktsept
СМУ-3;/upload/iblock/e29/e29bae0a2f374d13a0bd77d5d791b44d.png;"

  Холдинговая компания СМУ-3 успешно функционирует на рынке недвижимости Большого Сочи более 6 лет. Компания осуществляет полный спектр услуг в области девелопмента жилой и коммерческой недвижимости в городе Сочи.

  В настоящий момент девелоперский портфель компании насчитывает 5 проектов, в числе которых 4 жилых комплекса, клубные дома, жилой микрорайон ""Сан-Вале"", а также объекты социального назначения.

Компанией успешно реализован ряд известных проектов в сфере коммерческой недвижимости:
торговый комплекс ""Строй Сити""
торговый центр ""Московский ЦУМ""
торговый комплекс ""Мелодия""
торговый центр ""Океан""
развлекательный клуб ""Ривьера""

";smu-3
Абсолют;/upload/iblock/c02/c0273d91c33fe21441a7b5b9514c7663.jpg;"  

  ООО «СК «Абсолют» в настоящее время является одним из крупных застройщиков, который осуществляет свою деятельность на территории города-курорта Сочи с 2008 года. 
  Для осуществления  строительной деятельности в компании имеются все необходимые лицензии  и нормативная документация.";absolyut
СочиСпецМонолит;;"

  Компания ООО ""СочиСпецМонолит"" работает на строительном рынке г.Сочи с 2001 года. Компания занимается строительством зданий и сооружений из монолитного железобетон. ООО ""СочиСпецМонолит"" возводит как высотные жилые комплексы бизнес-класса и премиум-класса так и небольшие коттеджи.";sochispetsmonolit
Галс-Девелопмент;/upload/iblock/2bc/2bccc5da83d6af929f7f90f32511e11c.png;"

  «Галс-Девелопмент» — интеллигентный подход к девелопменту и строительству!
Основным эталоном работы для компании «Галс-Девелопмент» является интеллигентность. Интеллигентность в строительстве - это сохранение исторического облика городов, применение последних мировых разработок в технологиях, создание качественной современной среды обитания для людей, уважение к истинным культурным ценностям и традициям.";gals-development
Snegiri;/upload/iblock/d4e/d4e4a703a0d3e5675f7b7fd56b78cf89.png;"

  «Снегири» (ранее группа «СТ») — это одна из самых известных и авторитетных компаний-девелоперов в России. Первый проект команда «Снегирей» реализовала в Москве в 1992 году. Сегодня в портфолио компании 33 проекта, семь из которых успешно функционируют в регионах России (Сочи, Новосибирск, Ростов-на-Дону, Краснодар). Двадцатилетний опыт плодотворной работы на российском рынке недвижимости способствовал расширению сферы влияния «Снегирей» – известнейшие зарубежные архитектурные и дизайн бюро постоянно и с интересом сотрудничают с компанией. В 2007 году был проведен ребрендинг в соответствии с самыми прогрессивными западными течениями, в результате которого группа компаний «СТ» была переименована в «Снегири». Разработчиком нового имиджа компании стало лондонское агентство Identica, входящее в топ 10 ведущих мировых брендинговых агентств.
  Сфера недвижимости в России развивалась в соответствии с политическим путем страны. И создание проектов, которые выведут рынок на международную арену, – стало основной задачей компании «Снегири». Главное в работе специалистов компании – отношение к объектам недвижимости как к «живым»: они рождаются из креативной идеи, подсказывая, куда двигаться дальше, и затем обрастают собственной историей. Уважение к архитектурным традициям города, где появляется то или иное здание, – один из важнейших принципов работы команды «Снегирей». Так, компания стала основоположником современного «творческого» девелопмента, когда креатив,комбинирование собственного и привлеченного финансирования, высочайший уровень квалификации специалистов, использование новейших технологий побеждают рыночные риски.";snegiri
Основа 23;/upload/iblock/31a/31a75e7604ab636ee634df9f37cb05f9.png;"

  ООО «Основа 23» – это динамично развивающаяся компания, объединившая коллектив профессионалов и единомышленников, понимающих, что в любом серьезном деле нет мелочей. Точность, аккуратность, порядок, умение все делать по инструкции – это очень важные понятия в такой сфере, как строительство. Внимание к деталям обеспечивает лучший результат. 
  Только неукоснительное соблюдение технологий вместе с грамотной организацией процесса позволяют точно в срок строить надежные и безопасные объекты. Именно такой подход к работе культивируется в компании ""Основа 23"" с момента ее образования.
  Компания работает на строительном рынке Краснодарского края с 2004 года и за этот относительно небольшой период прошла путь от маленькой узкоспециализированной фирмы, основным направлением которой было устройство буронабивных свай, до серьезной многопрофильной строительной компании, насчитывающей в своем штате более трехсот специалистов, работающих на постоянной основе.

";osnova-23
Южный Берег Сочи;;"
  Строительная компания «Южный Берег Сочи» была основана в 2004 году в Сочи. Застройщик специализируется на жилищном и гражданском строительстве. В копании работают опытные специалисты строительной индустрии, которые регулярно повышают свою квалификацию, посещают курсы и семинары. В работе используются инновационные разработки и качественная спецтехника. 
  Основное направление работы СК «Южный Берег Сочи» - возведение многоквартирных домов любого уровня комфортабельности. Кроме того, застройщик осуществляет строительство административных зданий. Предприятие подыскивает самые лучшие земельные участки и осуществляет проектирование, согласовывает все вопросы и привлекает финансирование. Только когда все утверждено и проверено, компания приступает к производству строительных работ.";yuzhnyy-bereg-sochi
Юг-М;/upload/iblock/bad/bad9e02ec5fb9bfa63231484c21f8470.png;"

  Компания-застройщик  ООО «Юг-М» организована в 2001 году, ее главной целью является строительство и реализация объектов жилищного строительства. ООО «Юг-М» проводит строительные работы полного цикла, а также прокладку инженерных коммуникаций.";yug-m
Корпорация;/upload/iblock/fd4/fd457ce416b75cdbe4db423fcb271af5.jpg;"
  Многопрофильный холдинг ФСГ «Корпорация» —финансово-строительная группа, более 12 лет действует на всей территории России. На юге России занимает лидирующие позиции во многих областях. На строительном рынке Сочи работает с 2004 года, принимая участие в качестве подрядчика в разнообразных проектах.
  С 2010 года компания осуществляет строительные работы полного цикла: от подбора площадки и инвестиций до ввода объектов в эксплуатацию.";korporatsiya
РАДТАШ;/upload/iblock/d51/d51d686d9bd625cfaf072c16954987ff.png;"

  В Сочи с две тысячи третьего года. OOO «РАДТАШ» оказывает широкий комплекс строительных услуг. Строительство тщательно контролируется на любой стадии, начиная с котлована. 
  ООО ""РАДТАШ"" старается с ответственностью подходить к любому объекту. При возведении употребляются как традиционные, так и новейшие технологии строительства. В частности, фирма осуществляет монолитное строительство. ";radtash
Жилстрой-Юг;/upload/iblock/5c2/5c25b0dd2acf0fa9302bf512b12e381d.jpg;"

  ООО «Жилстрой-Юг» ведёт деятельность строго по действующему законодательству и открыто предлагает ознакомиться со всеми документами.
  При разработке строительных проектов ООО «Жилстрой-Юг» всегда учитывает важные факторы коммуникаций и удобства для проживания с прилегающими территориями. Строительные работы обеспечиваются опытными специалистами, проходящими периодический контроль качества. Основными подрядчиками этой компании являются компании Сербии, отобранные администрацией из соображений надежности и соблюдения строительных норм международного уровня.";zhilstroy-yug
Голоднюк Евгений Васильевич;;;golodnyuk-evgeniy-vasilevich
Новый Город;/upload/iblock/fb8/fb88777f8e583ee95ed5963b12249ce6.png;"

  Компания «Новый Город» реализует несколько проектов. Все объекты имеют выгодное местоположение, где представлены необходимые объекты инфраструктуры. Кроме того, застройщик создает объекты с интересными архитектурными, практичными и эстетичными решениями. В квартирах можно создать интерьеры любого стилевого направления.";novyy-gorod
Развитие;/upload/iblock/e84/e8496d932606ff10c533404c3eca3c75.png;"

  Финансово-строительная корпорация (ФСК) «Развитие» основана руководящим звеном, ведущим деятельность в сфере недвижимости с 2004 г. Сегодня компания специализируется на комплексном освоении земельных участков под жилую застройку — реализует объекты «под ключ»: от поиска участка, разработки и согласования документации, привлечения инвестиций, строительства, и заканчивая вводом недвижимости в эксплуатацию с последующим сопровождением. На протяжении всего жизненного цикла над проектами работают собственные профессиональные подразделения и проверенные временем подрядчики, что позволяет добиваться соблюдения установленных сроков и высокого качества возводимых объектов на ровне с привлекательной стоимостью. Внимание корпорации  сосредоточено на реализации комфортных монолитно-кирпичных жилых комплексов, с полноценной социальной инфраструктурой (детские дошкольные учреждения, школы, паркинг).";razvitie
КомСтрин;/upload/iblock/317/3177de32bb5164ad50efb69e969d655a.png;"

  Начиная с 2000 года компания ООО ""КомСтрин"" занимается девелопментом недвижимости, сопровождая инвестиционно-строительный процесс от первичного маркетинга до ввода в эксплуатацию. За 16 лет введено в строй более 40 объектов разного формата и сложности общей площадью более 1 000 000 кв. м.
  Политика компании заключается в том, что человек должен чувствовать себя комфортно везде – и дома, и на работе. А девелопер может создать для этого все необходимые условия. Сегодня команда застройщика занимается развитием комплексных проектов, не только строительство жилья и коммерческой недвижимости, но и всей необходимой инфраструктуры. 
  Система управления проектами, разработанная на основе многолетнего опыта и лучших зарубежных практик, помогает эффективно решать все задачи. Четкое календарное планирование, жесткий финансовый контроль и грамотное распределение бюджета делают процесс управления предсказуемым и эффективным. Успешно преодолев кризис 2009 года, компания ООО ""КомСтрин"" сформировала собственную базу знаний, которую повсеместно использует, чтобы разумно оценивать действительность и принимать взвешенные решения.
  ООО ""КомСтрин"" вышли на региональный рынок в 2006 году, и сегодня работают в таких крупных городах как Екатеринбург, Пермь и Сочи. Умение команды «держать удар» в сложных ситуациях помогают компании благополучно справляться со своими обязательствами и завершать проекты, какая бы экономическая ситуация ни складывалась на рынке недвижимости. ";komstrin
Дорс-Инвест;/upload/iblock/052/0526519bd9120ee8e735ebd72ced16c3.jpg;"<p>
	 Строительная компания «Дорс-Инвест» возникла на рынке недвижимости города Сочи совсем не так давно, но уже успела зарекомендовать себя, как достойного доверия партнера.
</p>
<p>
	 Специалисты компании занимаются освоением нескольких крупных проектов. Компания осуществляет весь спектр работ от подбора и подготовки земельного участка под строительство, до проведения отделочных работ.
</p>";dors-invest
ИНТЕРСТРОЙ;/upload/iblock/3c9/3c93a689c918d5f5adc81ca3eabcfd3c.jpg;" 

   Группа компаний «ИНТЕРСТРОЙ» работает на рынке строительных услуг с 1994 года. Компания имеет богатый опыт строительно-монтажных и отделочных работ, комплексного благоустройства территории, асфальтирования дорог, прокладки инженерных сетей и коммуникаций. «ИНТЕРСТРОЙ» ведет строительство объектов с этапа подготовки строительства и до сдачи готовых объектов в эксплуатацию с благоустройством прилегающих территорий.
  За более чем 19 летний опыт активной работы в строительной сфере компанией был накоплен уникальный опыт взаимодействия с частными клиентами, органами государственной власти и компаниями-участниками строительной отрасли. 
  Историю компании можно разделить на несколько периодов. Первый – период становления, на начальном этапе своего развития компания предоставляла свои услуги исключительно в московском регионе, группа компаний активно и плодотворно работала с Capital Group, выполняла заказы Правительства Москвы, зарабатывала себе имя и репутацию в строительном секторе. Из наиболее интересных осуществленных проектов этого периода стоит отметить участие в городских программах «Мировые судьи», «Мой двор, «Мой подъезд», строительство ЖК «Соколиное гнездо», отделку офисов компаний Monsanto и «Бамо», офисов компаний Philip Morris, офиса и кафетерия делового центра «Чайка-Плаза», отделка и благоустройство префектуры Северного округа, реконструкция офисного здания «Мировые судьи» в ЮАО г. Москвы, отделка офисного здания фирмы «Реемстра», строительство здания на улице Коробейников, строительство офисного здания на улице Б.Дмитровка, народного театра Н.Кадышевой «Золотое кольцо». 
  В 2006 году группа компаний «ИНТЕРСТРОЙ» расширяет границы своей деятельности и начинает осуществлять комплексное строительство в регионах Российской Федерации. С этого момента и по настоящее время начинается новый этап развития компании. В этот период группа компаний «ИНТЕРСТРОЙ» начала строительство жилых и общественных зданий в комплексе жилого квартала «Оружейная Слобода» по адресу г.Тула, ул. Михеева,15. В 2011 году весь Жилой комплекс общей площадью 100 000 кв.м был сдан в эксплуатацию с опережением графика. Грамотная организация, рациональный и комплексный подходы к реализации проекта, наряду с высокой степенью ответственности способствовали к укреплению отношений с застройщиками «Оружейная Слобода» и ООО «Ин-групп». В период с 2006 по 2008 года компания «ИНТЕРСТРОЙ» принимало участие в строительстве элитного коттеджного поселка «Променад» площадью 80 000 кв.м. Также в этот период был построен логистический комплекс в Крекшино площадью 1500 кв м.В настоящее время сдан Жилой Комплекс по ул. Маргелова в г. Тула общей площадью 50 000м2, сдан Жилой Комплекс «Город Солнца» площадью 60 000кв.м по адресу: Краснодарский край, г. Сочи, Адлерский район, ул. Тюльпанов, 39, полным ходом идет застройка комплексного жилого квартала в Тульской области на территории 32га общей жилой площадью 320 000 кв.м, двухподъездного Жилого дома по адресу г. Тула, ул. Маргелова, начинается строительство третьей очереди по улице Маргелова, включающее постройку двух 22-х этажных башен, идет подготовка к началу строительства микрорайона «1-ый Юго-Восточный» на территории площадью 36 га. 
  Грамотная организация, рациональный и комплексный подходы к реализации проектов, наряду с высокой степенью ответственности создали строительной компании ЗАО «ИНТЕРСТРОЙ» репутацию надежного партнера, способного решить поставленные задачи любого уровня сложности и гарантировать Заказчикам выполнение договорных обязательств и высокое качество выполняемых работ за разумную цену.";interstroy
Вартанян Артур Ашотович;;;vartanyan-artur-ashotovich
Айвазян Артак Альбертович;;"Застройщик Айвазян Артак Альбертович успешно реализовал один из лучших проектов жилых комплексов в микрорайоне Донская. Одним из приоритетов, который ставится перед строительством - это сохранить доступную цену, без потери качества строительства. Именно это и удалось реализовать в комплексе ""Райский уголок"", в котором присутствуют такие особенности, как эксплуатируемая кровля с бассейном и зоной отдыха.";ayvazyan-artak-albertovich
Мацестареалстрой;;"&nbsp; &nbsp; &nbsp; &nbsp; ООО ""Мацестареалстрой"" реализует крупный проект жилого комплекса, состоящего из нескольких высотных корпусов в микрорайоне Мацеста. Комплекс строится по федеральному закону 214, с регистрацией сделки в МФЦ.";matsestarealstroy
СочиСтрой;;;sochistroy
Олимпийский-Дагомыс;/upload/iblock/cc4/cc4b3d3252cc658627c654c24e184411.jpg;"  

  ОАО пансионат «Олимпийский – Дагомыс» - это компания, которая начала свою деятельность в 1982 году в Сочи. Компания построила пансионат на побережье Черного моря, который предоставляет качественные услуги гостям и туристам города. Огромное количество людей, приехавших на курорт с различных стран, побывали в пансионате в живописном поселке Дагомыс. Со временем территория отельного комплекса стала расширяться, и владельцы пансионата «Олимпийский – Дагомыс» приняли решение строить новые здания с номерами, сооружения с объектами инфраструктуры. На сегодняшний день имеется реализовано несколько проектов под эгидой компании «Олимпийский – Дагомыс».
  Сегодня ОАО пансионат «Олимпийский – Дагомыс»  реализовал несколько зданий для пансионата «Олимпийский – Дагомыс». Новейшим проектом является комплекс Meridian Appartments с элитным жильем. Купить квартиру от пансионата «Олимпийский – Дагомыс» в Сочи можно уже сейчас, однако данный проект будет введен в эксплуатацию в 2017 году. В этом комплексе реализованы самые смелые идеи, создано такое жилье, о котором мечтают многие люди. ";olimpiyskiy-dagomys
Кайлас;/upload/iblock/53b/53b7bfdfed17854f385ec52da730f7f9.png;"<br>
 <br>
ООО ""Кайлас"" занимается инвестированием, строительством, проектированием, ландшафтным дизайном в курортных городах России, в частности в городе Сочи. Так же предприятие оказывает услуги по оформлению участков земли, выполнению отделочных работ. Застройщик построил несколько домов в микрорайонах Сочи.&nbsp;<br>
 <br>";kaylas
Кесов Петр Владимирович;;;kesov-petr-vladimirovich
РАРИТЕТ;;  ООО «РАРИТЕТ» ;raritet
Тихий Дон;;"Строительная компания ""Тихий Дон"" не первый год функционирует на рынке строительства Сочи и занимается возведением одноименного жилого комплекса - ""Тихий Дон"". В настоящее время завершается строительство второго дома комплекса.";tikhiy-don
НПО ИНТЕК;;"ООО ""НПО ИНТЕК"" ";npo-intek
Мануфактура-Юг;;;manufaktura-yug
Инвест Сочи;/upload/iblock/be3/be323c75bd207517c65dc3ad65a3bc50.jpg;"<br>
&nbsp; &nbsp; &nbsp; «Инвест Сочи» - динамично развивающаяся строительная фирма, с многолетним опытом работы в сфере проектирования и строительства, является надёжным застройщиком, известным доступными ценами и отличным качеством жилья по Большому Сочи. Компания строит комфортабельное жилье, доступное каждому. Объекты расположены в одних из самых развитых районов города. Основной принцип работы компании ""Инвест Сочи"" - это надёжность.";invest-sochi
ФАРТСТРОЙ+;/upload/iblock/7d6/7d6d55d92737131bf0562815d61d6036.png;"<br>
 &nbsp; &nbsp; ООО «инвестиционно-строительный холдинг «ФАРТСТРОЙ+»&nbsp;существует на строительном рынке Сочи уже более 5 лет. Компания заслуженно занимаем одну из лидирующих позиций в данной сфере, что обусловлено&nbsp;высоким качеством оказываемых услуг, надежностью и долговечностью построенных объектов";fartstroy
Управление комплексной застройки;;"<p>
</p>
<div>
	&nbsp; &nbsp; &nbsp; <br>
	 &nbsp; &nbsp; &nbsp;ООО «Управление комплексной застройки» работает на строительном рынке Сочи с 2005 года, являясь инвестором и застройщиком ряда жилых новостроек со встроенными коммерческими помещениями. <br>
	 Компания самостоятельно занимается реализацией своих объектов и их постпродажным обслуживанием, имея в своем составе одноименную управляющую компанию. <br>
	&nbsp; &nbsp;&nbsp;
</div>
<p>
	<br>
</p>";upravlenie-kompleksnoy-zastroyki
Престиж 2000+;;;prestizh-2000
ВнешОптТорг;;"Компания «ВнешОптТорг» зарекомендовала себя на инвестиционном и строительном рынке России с положительной стороны. На рынок Краснодарского края строителей и инвесторов привела олимпиада в Сочи. В июне 2014 года Компания «ВнешОптТорг» приступила к реализации проекта строительства жилых домов, аналогов которому нет в г. Сочи.&nbsp; Комплекс из 21 этажных жилых домов под названием «5 островов» строится на ул. Есауленко, в микрорайоне Хоста.";vneshopttorg
Югстроймонтаж;;"ООО ""Югстроймонтаж"" уже не первый год занимается строительством различного рода объектов в Сочи. В настоящее время, компания занимается строительством трёх комплексов в лучшем курорте России.";yugstroymontazh
ЮГС-Строй;/upload/iblock/ee1/ee1e1f286ec47cd8e0ee6bf51e43325a.png;"<br>
 ООО ""ЮГС-Строй"" занимается строительством многоквартирных домов в Сочи. Компания успешно построила и ввела в эксплуатацию 2 дома в комплексе ""Место под Солнцем"". Третий и четвертый дома уже возведены, идет финальная стадия строительства. Всего комплекс будет включать 5 13-этажных домов с закрытой территорией и своей инфраструктурой. Строительство домов ведется согласно ФЗ-214, с регистрацией договоров долевого участия в регистрирующем органе. Также, объекты застройщика аккредитованы банком ВТБ, что позволяет приобретать недвижимость в ипотеку.<br>";yugs-stroy
Стройуниверсал;/upload/iblock/7c8/7c860fe8f3c4e1010d12937d026a9d16.png;"<br>
 &nbsp; Компания ООО «Стройуниверсал» спроектировала, построила и ввела в эксплуатацию коттеджный поселок, состоящий из отдельно стоящих вилл и небольших домов малой этажности. Это элитный, современный и удобный жилой комплекс в Сочи. Он находится всего в 500 метрах от береговой линии и с поистине прекрасным видом на море. К услугам жителей комплекса – тенистый парк, бассейн, фитнес зал, современные системы жизнеобеспечения, безопасности, новые коммуникации и городская инфраструктура курортной столицы России. Сочи расположен в зоне субтропиков, весь год здесь царит мягкая, благоприятная погода. Уникальное сочетание горного массива и приморского побережья обеспечивает комфортный климат для круглогодичного проживания. В настоящее время, компания ведет строительство второй очереди одного из самых популярных комплексов Сочи - ""Лазурный Берег 2"".<br>";stroyuniversal
РКС Девелопмент;/upload/iblock/1bb/1bbc4c4c9c2aae7443834735c4446440.jpg;"<br>
<br>
Группа компания РКС Девелопмент - федеральный девелопер, предлагающий жителям регионов России качественное жилье высокого уровня строительства по доступным ценам. Образовавшись в 2007 году, компания накопила успешный опыт осуществления проектов и к настоящему моменту обладает динамичным брендом, репутацией ответственного партнёра и профессиональной командой. Компании стремятся &nbsp;к росту доли рынка в избранных привлекательных регионах, постоянному совершенствованию продукта, дисциплине в затратах и вхождению в будущем в десятку крупнейших и наиболее эффективных девелоперов жилья в стране.";rks-development
Пузанов Андрей Петрович;;;puzanov-andrey-petrovich
"НАО ""Центр Омега""";/upload/iblock/48b/48bd44fe24873c1012e9b631c69b56ec.jpg;"<br>
 <br>
 <br>
НАО «Центр «Омега» – одна из крупнейших компаний Краснодарского края, построившая и успешно эксплуатирующая олимпийские объекты, а так же жилые комплексы. НАО «Центр «Омега» ведет свою историю с 1997 года, когда был создан РУЦ «Омега».&nbsp;В 2006 году государственное унитарное предприятие было преобразовано в открытое акционерное общество, 100% акций которого принадлежит администрации Краснодарского края в лице департамента имущественных отношений.&nbsp;По-настоящему знаковым в истории компании «Центр «Омега» стал 2009 год, когда ОАО «Центр «Омега» было назначено ответственным исполнителем по строительству объектов Олимпиады-2014.&nbsp;Строительные успехи ОАО «Центр «Омега» были по достоинству оценены не только участниками и гостями Олимпиады-2014 и&nbsp;FORMULA&nbsp;1 ГРАН-ПРИ РОССИИ, но и международными экспертами: один из лучших объектов Игр 2014 года (ККЦ «Адлер-Арена»), лучшее автоспортивное сооружение года (Сочи Автодром), лучший этап Гран-при Формулы-1.&nbsp;";nao-tsentr-omega
Васнев Андрей Юрьевич;;;vasnev-andrey-yurevich
