IE_NAME;IE_ACTIVE_FROM;IE_PREVIEW_PICTURE;IE_PREVIEW_TEXT;IE_DETAIL_TEXT;IE_CODE
Отмена выдачи свидетельств о государственной регистрации права;09.02.2017 20:41:00;/upload/iblock/bd8/bd8b0f0e38635b0dbf06e2d5ae72a26e.jpg;С 15 июля 2016 года в силу вступили новые поправки закона, отменяющие выдачу свидетельств о государственной регистрации прав на недвижимое имущество.;"<p>С 15 июля встили в силу новые поправки в закон, отменяющие выдачу свидетельств о государственной регистрации прав на недвижимое имущество.</p>
<p>С этого момента возникновение и переход прав на недвижимость удостоверяется только выпиской из Единого государственного реестра прав на недвижимое имущество и сделок с ним. Однако свидетельства, которые были выданы до указанной даты, менять не надо, и в целом изменения не создадут проблем гражданам, которые хотят купить или продать свои объекты.</p>

<h2>Суть поправок</h2>

<p>Выдача свидетельств о государственной регистрации прав на недвижимое имущество прекращается в России с 15 июля. Речь идет в том числе и о повторных свидетельствах, отмечают в Росреестре. В ведомстве добавляют, что основанием для нововведения стали поправки, внесенные в Федеральный закон ""О государственной регистрации прав на недвижимое имущество и сделок с ним"".</p>

<p>Выписка подтверждает, что на указанную в ней дату выдачи за определенным лицом зарегистрировано право на конкретный объект недвижимости, о чем в ЕГРП в этот день сделана регистрационная запись под соответствующим номером. Документ можно получить как в бумажном, так и электронном виде.</p>

<p>По содержанию выписки, подтверждающие регистрацию права, не будут существенно отличаться от выписок, которые запрашивают, к примеру, для проверки чистоты сделки при продаже или покупке квартиры. Эти документы действуют бессрочно, однако фиксируют положение дел с регистрацией прав на объект недвижимости именно на дату выдачи.</p>
 <h3>Революции не будет</h3>
<p>Так или иначе, но ничего революционного для заявителей не произойдет, соглашаются в Минэкономразвития. Закон уже предусматривает удостоверение регистрации либо выпиской ЕГРП, либо свидетельством о регистрации. </p>
<p>Свидетельства, которые были выданы до 15 июля 2016 года, менять не надо, подтверждают в Росреестре. Эти документы подтверждают факт регистрации возникновения и перехода права на дату, указанную в них как дата выдачи.</p>
<p>В ведомстве объясняют, что до вступления в силу изменений в законодательство заявитель и так мог выбрать — получить ли при регистрации права собственности свидетельство о регистрации собственности или выписку из ЕГРП. Отмена свидетельств не меняет процедуры регистрации прав, поэтому для заявителей при получении услуги ничего не изменится.</p>
<p>Документы на регистрацию можно будет также подать в электронном виде или обратиться в офисы Росреестра, федеральной кадастровой палаты, в МФЦ по месту нахождения объекта.</p>
<p>Важно отметить, что отмена выдачи свидетельств не изменит сроки оказания услуг. Срок государственной регистрации прав составляет 10 рабочих дней, если иное не установлено законом.</p>
<p>Что касается пошлин, то они тоже не поменяются. Например, для физического лица они составляют 2 тысячи рублей, а для юр.лиц — 22 тысячи рублей.</p>
<h3>Разрыв шаблона</h3>
<p>Юристы и Росреестр заявляют, что единственным доказательством существования зарегистрированного права является только запись о государственной регистрации права в реестре.</p>
<p>Поэтому ничего рискового или страшного для граждан замена свидетельства на выписку не сулит. Просто для обычных граждан отмена выдачи свидетельства это некий ""разрыв шаблона"", поскольку они считают его ""главным"" документом, но это заблуждение. В работе юристов, риелторов или действиях граждан при сделках с недвижимостью ничего не изменится.</p>
<p>Единственным документом, который подтверждает актуальность сведений об объекте недвижимости, является выписка из ЕГРП, которая запрашивается непосредственно на момент покупки или продажи квартиры. У человека может быть свидетельство или выписка из реестра, которые он получил при регистрации прав на недвижимость, но по сути они только декларируют право, но не подтверждают.</p>
<p>Поэтому нововведение поможет простым гражданам избежать ошибок при получении информации, например, о покупаемой квартире.</p>";otmena_vydachi_svidetelstv_o_gosudarstvennoy_registratsii_prava
Сделка через нотариуса;09.02.2017 10:59:00;/upload/iblock/e1d/e1d0e597251e7bf8242b658248065860.jpg;2 июня 2016 года Глава Российской Федерации Владимир Путин поставил свою подпись под Федеральным законом No 172-ФЗ, которой вводит неотъемлемое нотариальное свидетельство абсолютно всех сделок по отчуждению долей недвижимого имущества.;"<p>2 июня 2016 года Глава Российской Федерации Владимир Путин поставил свою подпись под Федеральным законом №172-ФЗ, которой вводит неотъемлемое нотариальное свидетельство абсолютно всех сделок по отчуждению долей недвижимого имущества.</p>
 <p>Федеральный закон №172-ФЗ продолжает развивать начатую Федеральным законом №391-ФЗ стратегию борьбы с мошенничеством, в том числе с так называемым «квартирным рейдерством» при поддержке нотариата. Новеллы закона теперь более серьезно защитят права граждан не достигших совершеннолетия.</p>
 <p>Принятым в конце 2015 года Федеральным законом №391-ФЗ вводилась строгая нотариальная форма для продажи доли недвижимого имущества посторонним лицам. Тем самым нотариус обязан удостовериться в том, что остальные сособственники были извещены надлежащим образом о намерении продать долю в их имуществе, и могли воспользоваться преимущественным правом покупки. Тем самым схема продажи микродоли рейдерам за ""копейки"" уничтожена.</p>
<h2>Меньше лазеек для мошенников</h2>
<p>Также оставались пути обхода обязательной нотариальной формы для различных мошеннических схем и недобросовестных граждан. Эту проблему довольно активно обсуждали в прессе и социальных сетях. Мошенники могли использовать следующую схему: доля либо дарилась постороннему лицу, которое потом уже принималось выживать остальных собственников, либо постороннему лицу дарилась микродоля от существующей доли в недвижимом имуществе. Лицо, соответственно, переставало быть «посторонним», а после этого оставшаяся часть этой доли уже продавалась ему, законным образом минуя нотариуса. То есть риски для остальных собственников сохранялись. </p>
 <p>Отныне подобные лазейки для аферистов ушли в прошлое - согласно новому закону, все сделки по отчуждению долей в недвижимом имуществе подлежат нотариальному удостоверению. Нотариус, в свою очередь, удостоверяя сделку, обязан убедиться в том, что сособственники недвижимым имущества надлежащим образом извещены о возможности преимущественного права покупки.</p>
<h2>Роль натариуса</h2>
<p>Особенно стоит отметить, что при удостоверении, например, договора дарения доли, нотариус также должен будет проверить, не является ли данная сделка притворной, то есть сделкой, которая совершается с целью прикрыть другую сделку. Например, не прикрывает ли дарение сделку купли-продажи. И если нотариус отказывает в удостоверении такой сделки, то суд, если туда обратятся граждане, будет рассматривать дело по существу. И уже суд может увидеть, например, что в данной квартире проживает семья с несовершеннолетними, и есть все основания опасаться, что предполагаемая сделка может привести к ухудшению условий их жизни, то есть — признать сделку притворной и подтвердить правомерность отказа нотариуса. Как показывает практика, мошенники предпочитают не связываться с судебными разбирательствами, то есть количество вопиющих случаев квартирного рейдерства благодаря нотариальному удостоверению должно пойти на убыль.</p>

<p>Важно, что в процессе удостоверения сделки нотариус также разъясняет сторонам реальные последствия сделки, в частности, что такая сделка может быть признана впоследствии судом недействительной, т.к. нарушает права иных сособственников, либо обратить внимание одной из сторон на то, что предлагаемые условия сделки нарушают ее права или ухудшают ее положение.</p>
<p>Обычно отсутствие такой информации и непонимание реальных последствий сделки является одним из методов действий мошенников на рынке недвижимости при использовании договора в простой письменной форме. Слабо образованные в правовой сфере, социально незащищенные граждане часто не имеют возможности осознать неблагоприятные для них последствия сделок, которые они совершают по уговорам мошенников. </p>
<h2>Защита интересов несовершеннолетних</h2>
<p>Новым законом также вводится более серьезная защита интересов несовершеннолетних. Теперь не только продажа доли несовершеннолетнего в недвижимом имуществе должна быть удостоверена нотариусом, но любая форма отчуждения недвижимого имущества несовершеннолетних подпадает под обязательную нотариальную форму сделки. Теперь мошенники или недобросовестные родственники, опекуны или законные представители не смогут отнять у детей их законное жилье через, например, договор мены. </p>
 <p>Следует также обратить внимание на доступность тарифа для нотариального удостоверения сделок с долями в недвижимом имуществе. Согласно Налоговому кодексу, тариф составит 0,5% от стоимости доли, но не более 20 000 рублей.</p>";sdelka_cherez_notariusa
"Регистрация в ""Жилом помещении""";08.02.2017 20:41:00;/upload/iblock/657/657001dd62163ca7edafafb849917dec.jpg;Начиная с 16 сентября 2016 года, в Сочи стало невозможно получить прописаться в объектах недвижимости, которые имеют статус «жилое помещение». До этого, таких проблем никогда не возникало, и в жилом помещении можно было точно так же регистрироваться, как и в квартирах.;"<p>Начиная с 16 сентября 2016 года, в Сочи стало невозможно прописаться в объектах недвижимости, которые имеют статус «жилое помещение». До этого, таких проблем никогда не возникало, и в жилом помещении можно было точно так же регистрироваться, как и в квартирах. </p>

<p>Как гласит статья 6 Закона РФ от 25.06.1993 N 5242-1 «О праве граждан Российской Федерации на свободу передвижения, выбор места пребывания и жительства в пределах Российской Федерации» основанием для регистрации гражданина по месту жительства является документ, являющийся в соответствии с жилищным законодательством Российской Федерации основанием для вселения в жилое помещение. Таким документом является свидетельство о собственности в соответствии со ст. 30 Жилищного кодекса РФ ( ну а с 15 июля 2016 вместо свидетельства выдается выписка из ЕГРП).</p>

<p>Орган регистрации, в нашем случае - паспортный стол или УФМС, обязан зарегистрировать гражданина по месту жительства в течение трех дней со дня подачи заявления на регистрацию и предоставления подлинников документов при личном обращении. Также возможна подача документов в электронном виде.</p>

<p>Сложности с регистрацией в жилых помещениях возникли из-за разногласия в понимании формулировок между разными ведомствами: в нашем случае Кадастровой палатой и Росреестром.</p>
<h2>Порядок действий</h2>
<p>Так какие же всё таки есть варианты, для того, чтобы Вы могли прописаться в своей недвижимости, принадлежащей Вам на законных правах?</p>
<p>Для начала, необходимо получить в управляющей компании (или у застройщика дома) копию решения суда о том, что ваше помещение находится в доме, который признан жилым. Там же возьмите справку о присвоении дому почтового адреса ( она же - адресная справка). В этой справке тоже есть ссылка, что конкретный дом является жилым.</p>
<h3>С этими документами необходимо обратиться в регистрирующий орган (паспортный стол или УФМС).</h3>
<p>Если все равно будут пытаться отказать в прописке, добивайтесь письменного отказа, в котором обязаны указать основание - или документ, или норму права, или закон, на основании которого Вам отказывают в регистрации. В связи с тем, что такого основания не может быть по определению, то, скорее всего, регистрирующий орган будет вынужден зарегистрировать Вас, или членов Вашей семьи.</p>
<p>Если же и в этом случае не получается прописаться, то нужно обратиться к кадастровому инженеру для того, чтобы в кадастровом паспорте помещения изменить формулировку с ""помещение жилое"" на ""жилое помещение"", это крайняя мера, которая потребует дополнительного времени и расходов). После этого необходимо получить новую выписку из ЕГРП, а уже с ней идти на регистрацию в паспортный стол.</p>
<p>Нюанс в том, что сейчас, если в Вашем свидетельстве, а в настоящее время - в выписке из ЕГРП, прописано: «Жилое помещение», или «Часть жилого дома, назначение: жилое», то регистрируют без проблем, а если указано: «Помещение. Назначение: жилое» (что чаще всего), то в регистрации пытаются отказать. Обратите свое внимание на то, что именно обозначено в свидетельстве или выписке из ЕГРП.</p>
<p>В любом случае, этот вопрос можно решить, нужно только проявить настойчивость в отстаивании своих прав.</p>";registratsiya_v_zhilom_pomeshchenii
Ремонт дорог в Сочи;28.07.2017 11:59:00;/upload/iblock/467/4674d82d2b96c478f6566d1d0cd07600.jpg;"В Сочи осуществят ремонт дорог на 97 улицах на сумму, превышающую полмиллиарда рублей. Одну вторую часть от этой суммы город уже получил и начал осваивать. Сейчас ремонт идёт на 45 объектах в четырех районах курорта.
";"<p>В Сочи осуществят ремонт дорог на 97 улицах на сумму, превышающую полмиллиарда рублей. Одну вторую часть от этой суммы город уже получил и начал осваивать. Сейчас ремонт идёт на 45 объектах в четырех районах курорта. </p>

<blockquote>«В Большом Сочи все магистральные улицы, дороги, которые соединяют районные центры и села, в хорошем состоянии. И вот у нас появилась возможность добраться до межквартальных дорог и тех дорог, которые находятся в бывших совхозах. На сегодня мы отремонтируем улицу Звёздную и Новороссийское шоссе. Это очень серьёзный шаг вперёд и для жителей совхоза Приморский, и, конечно, для всех жителей города — Новороссийское шоссе можно использовать как объездную дорогу параллельно нашей основной дороге, которая соединяет Адлерский район и Сочи», — отметил глава курорта Анатолий Пахомов.</blockquote>

<p>Второй транш городская администрация получит в сентябре. Его сумма составит 258 млн рублей. Тогда начнётся ремонт ещё на 52 улицах Сочи. На данный момент на ремонт дорожного полотна в Рабочем переулке и улице Красноармейской потрачено 12 млн рублей. Также из городского бюджета выделен 31 млн рублей, который направлен на ремонт отдельных участков дорог курорта.</p>";na_remont_dorog_v_sochi_vydelili_bolee_polumilliarda_rubley
