IE_NAME;IE_PREVIEW_PICTURE;IE_PREVIEW_TEXT;IE_DETAIL_PICTURE;IE_DETAIL_TEXT;IE_CODE;IP_PROP334
Сбербанк;/upload/iblock/462/4628e4530c93a9caefbe3414840fe484.png;"ПАО ""Сбербанк"" является крупнейшим российским универсальным коммерческим банком. Благодаря нашей партнерской программе, мы поможем Вам быстро открыть ипотеку на лучших условиях и по самой выгодной процентной ставке.";;;;
Dogmaweb;/upload/iblock/98c/98cc050b797f3f666180d3c3e9acd6ac.jpg;Одна из ведущих студий интернет-маркетинга, занимающаяся разработкой корпоративных сайтов, интернет-магазинов или landing page любой сложности под ключ.;;;;http://dogmaweb.ru/
Церих;/upload/iblock/560/560cf08fe0a1ebd128681aad192d8d8d.png;Инвестиционная Компания «ЦЕРИХ Кэпитал Менеджмент» (Investment Company «Zerich Capital Management» Joint Stock Company), основанное в 1995 году, является одним из известных российских брокеров, который предоставляет широкий спектр услуг, как для новичков, так и для опытных инвесторов.;;;;https://zerichnsk.ru/
Лазурный берег;/upload/iblock/c0d/c0dc82c831d2b0e648f924126779747f.png;Уникальный жилой комплекс в экологически чистом районе Сочи. В состав комплекса входят: бассейны, ресторан, фитнес-клуб, теннисный корт, а одним из главных преимуществ является шикарный панорамный вид на море.;;;;http://sunsochi.com/catalog/novostrojki/novostroyki_v_sochi_po_fz_214/zhk_lazurnyy_bereg_2/
ЛюксОН;/upload/iblock/694/694fc8f793a1fd1c0694a75155a201be.png;"ООО ""ЛюксОН"" — один из крупнейших производителей светодиодных светильников высокого качества по доступным ценам для решения проблем освещения объектов различной сложности и характера. В ассортимент компании входит огромное количество осветительных приборов, которые подойдут для решения любой задачи.";;;;http://www.luxon.su/
РКС Девелопмент;/upload/iblock/0ec/0ec02630e84cbb459f9cde8ecc52e94f.png;"Компания ""РКС Девелопмент"" - федеральный девелопер, предлагающий жителям регионов России качественное жилье по доступным ценам. Образовавшись в 2007 году, компания накопила успешный опыт осуществления проектов и к настоящему моменту имеет более 10 крупных проектов по всей стране, многие из которых уже реализованы.";;;;
Karat Apartments;/upload/iblock/85e/85ed39f056edce373722dbe9b96dd338.jpg;Уникальные апартаменты в самом центре лучшего курорта России. Резиденты Karat Apartments смогут пользоваться легендарным сервисом и инфраструктурой Hyatt Regency Sochi. Рестораны, бары, spa и фитнес-центры, закрытый и открытый бассейны, морская терраса — к Вашим услугам!;;;;http://sunsochi.com/catalog/novostrojki/elitnye_novostroyki_v_sochi/ak_karat_apartments/
International Auto Club;/upload/iblock/894/894fb2dcf235263676d4ecbc94df0151.png;Корпорация «International Auto Club» — это одно из крупнейших сообществ потребителей на территории России и стран СНГ. С приходом новых участников и партнеров все активнее расширяется поле деятельности корпорации. Клиенты получают эксклюзивные скидки в более чем 11 000 магазинов и участвуют в уникальной партнерской программе.;;;;
Посейдон;/upload/iblock/ad3/ad3b53a64100138e0722400ab466bd3a.png;"Жилой комплекс бизнес-класса ""Посейдон"" находится на самом берегу Черного моря. Своя закрытая территория, ландшафтное озеленение, зоны отдыха, коммерческие помещения и многое другое, всего в 100 метрах от моря!";;;;https://sunsochi.com/catalog/novostrojki/novostroyki_biznes_klassa/zhk_poseydon/
ALK++ Company;/upload/iblock/5f4/5f42dd2134ec3bd375a0263c84d00be0.png;"На счету компании ""ALK++ Сompany"" десятки завершенных объектов в Европе и России. Это многоэтажные жилые дома, объекты общественного назначения. В настоящее время компания ведет активную застройку в Южном Федеральном округе и является крупнейшей строительной компанией в Сочи, участвуя в строительстве лучших комплексов.";;;;
Кватро;/upload/iblock/46c/46c66077413b65c9439e8aa8342a5ee4.jpg;"Жилой комплекс ""Кватро"" получил оглушительный успех еще до официального старта продаж квартир. Комплекс обладает рядом особенностей и преимуществ, которые выгодно отличают ""Кватро"" от большинства конкурентов.";;;;https://sunsochi.com/catalog/novostrojki/nedorogie_novostroyki_v_sochi/zhk_kvatro/
Atlant Group;/upload/iblock/88f/88f5f72b314d69e6b0a57ba7f5d3c72e.jpg;"Компания Atlant Group - крупнейший застройщик в Адлере. Является надежным партнером и отличается высоким качеством строительства. Имеет множество реализованных проектов, таких как ТЖК ""Atlant City"".&nbsp;";;;;https://sunsochi.com/catalog/novostrojki/novostroyki_biznes_klassa/zhk_atlant_city_atlant_siti_/
